{"stats":{"minecraft:broken":{"minecraft:stone_pickaxe":5,"minecraft:diamond_pickaxe":1,"minecraft:stone_axe":1,"minecraft:stone_shovel":3,"minecraft:iron_pickaxe":1},"minecraft:crafted":{"minecraft:oak_planks":60,"minecraft:cobblestone_slab":18,"minecraft:birch_boat":1,"minecraft:cobblestone_stairs":32,"minecraft:diamond_shovel":3,"minecraft:bookshelf":108,"minecraft:shulker_box":22,"minecraft:cooked_mutton":64,"minecraft:purpur_stairs":12,"minecraft:quartz_block":84,"minecraft:glass":312,"minecraft:bow":16,"minecraft:iron_boots":1,"minecraft:tipped_arrow":120,"minecraft:chest":38,"minecraft:ender_eye":14,"minecraft:magenta_dye":21,"minecraft:oak_fence":6,"minecraft:name_tag":5,"minecraft:white_shulker_box":3,"minecraft:white_banner":1,"minecraft:emerald":4107,"minecraft:arrow":768,"minecraft:diamond_axe":3,"minecraft:crafting_table":3,"minecraft:spruce_planks":14432,"minecraft:wooden_pickaxe":1,"minecraft:baked_potato":103,"minecraft:birch_planks":1140,"minecraft:sea_pickle":5,"minecraft:dark_oak_sapling":1,"minecraft:iron_chestplate":1,"minecraft:yellow_dye":7,"minecraft:diamond_pickaxe":4,"minecraft:emerald_block":137,"minecraft:purple_dye":2,"minecraft:shield":1,"minecraft:stick":29127,"minecraft:light_blue_dye":2,"minecraft:iron_pickaxe":1,"minecraft:iron_ingot":135,"minecraft:compass":8,"minecraft:light_blue_shulker_box":2,"minecraft:iron_block":42,"minecraft:stone_sword":1,"minecraft:gold_ingot":37,"minecraft:light_gray_dye":4,"minecraft:spruce_fence_gate":16,"minecraft:shears":1,"minecraft:golden_carrot":141,"minecraft:stone_shovel":4,"minecraft:orange_shulker_box":3,"minecraft:iron_nugget":5,"minecraft:experience_bottle":85,"minecraft:spruce_button":1,"minecraft:furnace":1,"minecraft:bone_meal":60,"minecraft:spruce_fence":120,"minecraft:flint_and_steel":1,"minecraft:lantern":108,"minecraft:light_gray_shulker_box":3,"minecraft:oak_sapling":1,"minecraft:ladder":9,"minecraft:spruce_slab":6,"minecraft:red_shulker_box":3,"minecraft:ender_pearl":67,"minecraft:stone_pickaxe":7,"minecraft:spruce_boat":4,"minecraft:cooked_beef":30,"minecraft:red_dye":4,"minecraft:diamond_sword":1,"minecraft:enchanting_table":1,"minecraft:purple_shulker_box":2,"minecraft:iron_sword":1,"minecraft:bucket":1,"minecraft:stone_axe":1,"minecraft:podzol":3,"minecraft:glowstone":12,"minecraft:enchanted_book":38,"minecraft:orange_dye":12,"minecraft:air":0,"minecraft:blue_dye":4,"minecraft:white_wool":64,"minecraft:white_dye":4,"minecraft:iron_shovel":1,"minecraft:iron_leggings":1,"minecraft:anvil":11,"minecraft:white_bed":2,"minecraft:torch":204},"minecraft:dropped":{"minecraft:iron_sword":2,"minecraft:diamond_axe":1,"minecraft:baked_potato":1,"minecraft:ender_pearl":310,"minecraft:crafting_table":1,"minecraft:cooked_porkchop":3,"minecraft:crossbow":2,"minecraft:leather":2,"minecraft:flint":4,"minecraft:emerald":365,"minecraft:red_shulker_box":1,"minecraft:dirt":67,"minecraft:gold_nugget":4,"minecraft:bone_meal":1,"minecraft:iron_pickaxe":3,"minecraft:gold_ingot":1,"minecraft:bone":3,"minecraft:compass":7,"minecraft:sugar_cane":8,"minecraft:ancient_debris":13,"minecraft:golden_chestplate":1,"minecraft:birch_sapling":7,"minecraft:rotten_flesh":55,"minecraft:oak_planks":4,"minecraft:diamond_shovel":2,"minecraft:end_stone":64,"minecraft:cooked_mutton":40,"minecraft:golden_shovel":1,"minecraft:white_bed":3,"minecraft:chainmail_chestplate":1,"minecraft:poppy":440,"minecraft:tipped_arrow":16,"minecraft:chest":2,"minecraft:spruce_slab":2,"minecraft:basalt":1,"minecraft:arrow":3,"minecraft:beef":6,"minecraft:netherrack":606,"minecraft:egg":1,"minecraft:stone_hoe":2,"minecraft:enchanted_book":18,"minecraft:water_bucket":2,"minecraft:orange_shulker_box":1,"minecraft:wheat_seeds":98,"minecraft:golden_helmet":1,"minecraft:minecart":1,"minecraft:poisonous_potato":2,"minecraft:iron_helmet":1,"minecraft:golden_axe":1,"minecraft:feather":2,"minecraft:book":1107,"minecraft:coal":17,"minecraft:stick":13,"minecraft:oxeye_daisy":2,"minecraft:diorite":8,"minecraft:golden_carrot":1,"minecraft:torch":12,"minecraft:iron_door":1,"minecraft:iron_leggings":1,"minecraft:pumpkin":2,"minecraft:white_banner":3,"minecraft:iron_shovel":1,"minecraft:paper":1,"minecraft:string":223,"minecraft:tripwire_hook":2,"minecraft:bucket":1,"minecraft:spruce_sapling":49,"minecraft:dandelion":18,"minecraft:redstone":9,"minecraft:stone_sword":1,"minecraft:bowl":1,"minecraft:stone_shovel":1,"minecraft:chicken":1,"minecraft:wither_skeleton_skull":1,"minecraft:iron_boots":1,"minecraft:smoker":2,"minecraft:name_tag":2,"minecraft:shulker_box":5,"minecraft:flint_and_steel":1,"minecraft:diamond_sword":2,"minecraft:potato":9,"minecraft:shield":2,"minecraft:spruce_planks":133,"minecraft:dragon_egg":1,"minecraft:diamond_pickaxe":1,"minecraft:andesite":1,"minecraft:spider_eye":1,"minecraft:bow":16,"minecraft:purple_shulker_box":1,"minecraft:stone_pickaxe":2,"minecraft:light_blue_shulker_box":1},"minecraft:killed_by":{"minecraft:vindicator":1,"minecraft:vex":2},"minecraft:killed":{"minecraft:spider":7,"minecraft:shulker":32,"minecraft:skeleton":14,"minecraft:chicken":1,"minecraft:silverfish":1,"minecraft:piglin_brute":4,"minecraft:cat":1,"minecraft:piglin":5,"minecraft:pig":1,"minecraft:iron_golem":2,"minecraft:ender_dragon":1,"minecraft:creeper":4,"minecraft:sheep":32,"minecraft:pillager":8,"minecraft:zombie":18,"minecraft:ghast":2,"minecraft:blaze":8,"minecraft:cow":7,"minecraft:vex":4,"minecraft:horse":2,"minecraft:wandering_trader":1,"minecraft:ravager":1,"minecraft:wither_skeleton":2,"minecraft:enderman":2555},"minecraft:picked_up":{"minecraft:shulker_shell":29,"minecraft:ender_chest":1,"minecraft:light_gray_shulker_box":4,"minecraft:suspicious_stew":1,"minecraft:stone_slab":4,"minecraft:lead":4,"minecraft:diamond_sword":6,"minecraft:oak_stairs":2,"minecraft:enchanted_book":19,"minecraft:purple_shulker_box":1,"minecraft:string":13510,"minecraft:diamond_leggings":5,"minecraft:gold_nugget":185,"minecraft:cobbled_deepslate":252,"minecraft:bucket":1,"minecraft:spruce_planks":88,"minecraft:eye_armor_trim_smithing_template":3,"minecraft:white_tulip":1,"minecraft:cobblestone_slab":1,"minecraft:ender_eye":7,"minecraft:iron_pickaxe":4,"minecraft:iron_boots":6,"minecraft:tipped_arrow":2,"minecraft:stick":592,"minecraft:orange_shulker_box":14,"minecraft:torch":115,"minecraft:purpur_pillar":59,"minecraft:porkchop":5,"minecraft:golden_axe":2,"minecraft:diorite":8,"minecraft:golden_chestplate":1,"minecraft:quartz_block":69,"minecraft:stone_sword":1,"minecraft:nether_gold_ore":1,"minecraft:rotten_flesh":39,"minecraft:glowstone":7,"minecraft:bookshelf":7,"minecraft:end_rod":37,"minecraft:blaze_rod":3,"minecraft:obsidian":21,"minecraft:blaze_powder":14,"minecraft:cobblestone":1008,"minecraft:birch_log":285,"minecraft:magma_block":78,"minecraft:feather":6,"minecraft:cooked_beef":9,"minecraft:iron_door":19,"minecraft:water_bucket":6,"minecraft:andesite":43,"minecraft:brown_wool":1,"minecraft:smoker":4,"minecraft:potato":9,"minecraft:flint":122,"minecraft:tuff":10,"minecraft:wither_skeleton_skull":1,"minecraft:lapis_lazuli":128,"minecraft:dirt":2017,"minecraft:lantern":87,"minecraft:twisting_vines":6,"minecraft:glass":90,"minecraft:bone":33,"minecraft:bow":8,"minecraft:wheat_seeds":239,"minecraft:orange_tulip":12,"minecraft:raw_gold":19,"minecraft:bell":2,"minecraft:grindstone":2,"minecraft:fletching_table":1,"minecraft:diamond_helmet":5,"minecraft:glowstone_dust":3,"minecraft:stone_hoe":2,"minecraft:oak_planks":11,"minecraft:ghast_tear":2,"minecraft:cooked_porkchop":10,"minecraft:poisonous_potato":2,"minecraft:light_blue_shulker_box":9,"minecraft:shulker_box":23,"minecraft:spruce_fence_gate":67,"minecraft:diamond":4,"minecraft:spruce_boat":2,"minecraft:crossbow":7,"minecraft:granite":32,"minecraft:bone_meal":1,"minecraft:golden_apple":4,"minecraft:emerald":353,"minecraft:bread":1,"minecraft:netherrack":1284,"minecraft:oak_sapling":6,"minecraft:chorus_fruit":104,"minecraft:diamond_pickaxe":9,"minecraft:end_stone_bricks":242,"minecraft:crafting_table":3,"minecraft:allium":21,"minecraft:azure_bluet":2,"minecraft:chicken":6,"minecraft:ladder":8,"minecraft:pink_wool":1,"minecraft:dragon_head":2,"minecraft:purpur_block":240,"minecraft:shield":6,"minecraft:cornflower":4,"minecraft:elytra":1,"minecraft:flint_and_steel":1,"minecraft:item_frame":2,"minecraft:blackstone":42,"minecraft:beef":17,"minecraft:poppy":7,"minecraft:light_gray_wool":1,"minecraft:spruce_slab":2,"minecraft:minecart":3,"minecraft:lectern":2,"minecraft:sugar_cane":73,"minecraft:chest":33,"minecraft:birch_sapling":13,"minecraft:egg":1,"minecraft:raw_iron":59,"minecraft:end_stone":169,"minecraft:spruce_fence":340,"minecraft:polished_blackstone_bricks":2,"minecraft:carrot":33,"minecraft:redstone":13,"minecraft:arrow":436,"minecraft:red_shulker_box":3,"minecraft:diamond_chestplate":5,"minecraft:nether_bricks":2,"minecraft:shears":1,"minecraft:diamond_boots":5,"minecraft:purpur_slab":4,"minecraft:gold_ingot":7,"minecraft:white_shulker_box":18,"minecraft:mutton":66,"minecraft:rail":150,"minecraft:white_wool":56,"minecraft:oxeye_daisy":7,"minecraft:basalt":197,"minecraft:golden_carrot":98,"minecraft:leather":27,"minecraft:red_mushroom":1,"minecraft:birch_planks":4,"minecraft:purpur_stairs":35,"minecraft:oak_log":6,"minecraft:chainmail_chestplate":2,"minecraft:ancient_debris":26,"minecraft:gunpowder":2,"minecraft:cobblestone_stairs":1,"minecraft:paper":9,"minecraft:white_banner":13,"minecraft:cooked_mutton":9,"minecraft:iron_ingot":34,"minecraft:magenta_stained_glass":51,"minecraft:glass_bottle":5,"minecraft:iron_sword":1,"minecraft:book":1338,"minecraft:nether_quartz_ore":1,"minecraft:birch_boat":3,"minecraft:pumpkin":48,"minecraft:quartz":335,"minecraft:dandelion":31,"minecraft:gravel":18,"minecraft:spruce_sapling":88,"minecraft:white_bed":11,"minecraft:spruce_log":690,"minecraft:spider_eye":1,"minecraft:dragon_egg":1,"minecraft:diamond_shovel":6,"minecraft:iron_helmet":1,"minecraft:diamond_axe":6,"minecraft:baked_potato":1,"minecraft:black_wool":1,"minecraft:coal":71,"minecraft:ender_pearl":68},"minecraft:custom":{"minecraft:interact_with_crafting_table":82,"minecraft:open_barrel":16,"minecraft:open_shulker_box":317,"minecraft:bell_ring":7,"minecraft:leave_game":12,"minecraft:time_since_death":131017,"minecraft:sprint_one_cm":1681037,"minecraft:damage_blocked_by_shield":3800,"minecraft:drop":715,"minecraft:talked_to_villager":931,"minecraft:play_time":1075713,"minecraft:deaths":4,"minecraft:jump":8642,"minecraft:interact_with_brewingstand":2,"minecraft:walk_on_water_one_cm":64737,"minecraft:enchant_item":13,"minecraft:interact_with_furnace":32,"minecraft:traded_with_villager":4311,"minecraft:sleep_in_bed":33,"minecraft:open_enderchest":5,"minecraft:damage_dealt":95222,"minecraft:crouch_one_cm":41331,"minecraft:interact_with_smoker":22,"minecraft:horse_one_cm":51937,"minecraft:interact_with_anvil":35,"minecraft:mob_kills":2733,"minecraft:climb_one_cm":13320,"minecraft:walk_one_cm":2156747,"minecraft:raid_win":1,"minecraft:sneak_time":30096,"minecraft:walk_under_water_one_cm":19718,"minecraft:boat_one_cm":117541,"minecraft:interact_with_blast_furnace":8,"minecraft:total_world_time":1075713,"minecraft:raid_trigger":1,"minecraft:interact_with_grindstone":17,"minecraft:time_since_rest":30582,"minecraft:damage_taken":7414,"minecraft:swim_one_cm":15904,"minecraft:fly_one_cm":2650640,"minecraft:open_chest":300,"minecraft:aviate_one_cm":21025,"minecraft:fall_one_cm":218925},"minecraft:used":{"minecraft:iron_shovel":15,"minecraft:spruce_slab":4,"minecraft:ladder":5,"minecraft:chest":11,"minecraft:shield":61,"minecraft:iron_sword":35,"minecraft:purple_shulker_box":1,"minecraft:white_shulker_box":21,"minecraft:bell":2,"minecraft:spruce_boat":5,"minecraft:glass":1,"minecraft:lantern":109,"minecraft:orange_shulker_box":10,"minecraft:quartz_block":15,"minecraft:bow":455,"minecraft:furnace":1,"minecraft:end_rod":1,"minecraft:diamond_boots":2,"minecraft:end_stone_bricks":52,"minecraft:stone_pickaxe":719,"minecraft:oak_planks":5,"minecraft:ender_pearl":2,"minecraft:wooden_pickaxe":12,"minecraft:sugar_cane":59,"minecraft:diamond_axe":1105,"minecraft:purpur_pillar":14,"minecraft:purpur_stairs":45,"minecraft:end_stone":97,"minecraft:string":17,"minecraft:bread":1,"minecraft:lectern":1,"minecraft:diamond_sword":1046,"minecraft:grindstone":2,"minecraft:andesite":15,"minecraft:bone_meal":56,"minecraft:experience_bottle":85,"minecraft:oak_fence":6,"minecraft:purpur_block":7,"minecraft:enchanting_table":1,"minecraft:stone_sword":29,"minecraft:flint_and_steel":11,"minecraft:stone_shovel":441,"minecraft:spruce_planks":119,"minecraft:ender_chest":1,"minecraft:netherrack":353,"minecraft:light_gray_shulker_box":6,"minecraft:torch":179,"minecraft:dirt":443,"minecraft:anvil":1,"minecraft:nether_quartz_ore":1,"minecraft:shulker_box":24,"minecraft:spruce_fence":96,"minecraft:red_shulker_box":4,"minecraft:bookshelf":93,"minecraft:oak_stairs":2,"minecraft:glowstone":9,"minecraft:golden_carrot":19,"minecraft:basalt":38,"minecraft:minecart":1,"minecraft:cooked_beef":9,"minecraft:golden_axe":8,"minecraft:wheat_seeds":63,"minecraft:cooked_mutton":33,"minecraft:water_bucket":56,"minecraft:light_blue_shulker_box":5,"minecraft:cobblestone_stairs":16,"minecraft:baked_potato":83,"minecraft:birch_boat":3,"minecraft:magenta_stained_glass":13,"minecraft:fletching_table":1,"minecraft:spruce_fence_gate":3,"minecraft:cobblestone_slab":19,"minecraft:rail":71,"minecraft:crafting_table":5,"minecraft:white_bed":3,"minecraft:spruce_log":4,"minecraft:smoker":2,"minecraft:ender_eye":21,"minecraft:diamond_pickaxe":10898,"minecraft:diamond_shovel":728,"minecraft:iron_pickaxe":287,"minecraft:suspicious_stew":1,"minecraft:purpur_slab":3,"minecraft:spruce_sapling":189,"minecraft:stone_axe":84,"minecraft:cobblestone":23,"minecraft:white_banner":5,"minecraft:cooked_porkchop":7,"minecraft:bucket":57,"minecraft:diamond_leggings":1},"minecraft:mined":{"minecraft:dragon_wall_head":2,"minecraft:spruce_planks":17,"minecraft:red_shulker_box":3,"minecraft:white_bed":12,"minecraft:cobblestone_stairs":1,"minecraft:obsidian":1,"minecraft:granite":32,"minecraft:grass_block":702,"minecraft:purpur_slab":4,"minecraft:oxeye_daisy":3,"minecraft:spawner":1,"minecraft:magma_block":107,"minecraft:glowstone":1,"minecraft:iron_ore":16,"minecraft:fire":15,"minecraft:pumpkin":13,"minecraft:deepslate_lapis_ore":3,"minecraft:fletching_table":1,"minecraft:azure_bluet":2,"minecraft:red_tulip":5,"minecraft:dirt_path":1,"minecraft:oak_stairs":2,"minecraft:white_shulker_box":18,"minecraft:end_stone_bricks":245,"minecraft:white_banner":1,"minecraft:tripwire":16,"minecraft:deepslate_redstone_ore":1,"minecraft:blackstone":52,"minecraft:twisting_vines_plant":1,"minecraft:smoker":4,"minecraft:soul_fire":4,"minecraft:purpur_stairs":38,"minecraft:torch":16,"minecraft:poppy":5,"minecraft:chest":9,"minecraft:nether_quartz_ore":254,"minecraft:cobblestone":18,"minecraft:oak_planks":10,"minecraft:sugar_cane":44,"minecraft:iron_door":10,"minecraft:wall_torch":20,"minecraft:seagrass":1,"minecraft:warped_nylium":1,"minecraft:birch_log":289,"minecraft:orange_tulip":17,"minecraft:purpur_block":247,"minecraft:oak_log":6,"minecraft:dirt":523,"minecraft:ancient_debris":13,"minecraft:netherrack":9540,"minecraft:oak_leaves":2,"minecraft:deepslate":125,"minecraft:nether_gold_ore":31,"minecraft:tuff":12,"minecraft:deepslate_diamond_ore":4,"minecraft:end_stone":174,"minecraft:shulker_box":23,"minecraft:nether_bricks":2,"minecraft:ladder":2,"minecraft:allium":21,"minecraft:spruce_fence":96,"minecraft:orange_shulker_box":10,"minecraft:spruce_leaves":11,"minecraft:large_fern":10,"minecraft:redstone_ore":4,"minecraft:spruce_sapling":2,"minecraft:light_gray_shulker_box":4,"minecraft:andesite":42,"minecraft:peony":1,"minecraft:bell":1,"minecraft:bookshelf":371,"minecraft:cobblestone_slab":1,"minecraft:deepslate_iron_ore":43,"minecraft:rail":51,"minecraft:lantern":3,"minecraft:chorus_plant":6,"minecraft:white_tulip":3,"minecraft:stone":490,"minecraft:ender_chest":3,"minecraft:light_blue_shulker_box":5,"minecraft:magenta_stained_glass":55,"minecraft:basalt":59,"minecraft:dandelion":14,"minecraft:crafting_table":3,"minecraft:cornflower":4,"minecraft:short_grass":1180,"minecraft:lectern":1,"minecraft:purpur_pillar":70,"minecraft:tall_grass":130,"minecraft:lapis_ore":9,"minecraft:deepslate_gold_ore":19,"minecraft:diorite":8,"minecraft:spruce_log":294,"minecraft:birch_leaves":21,"minecraft:white_wall_banner":1,"minecraft:coal_ore":39,"minecraft:end_rod":43,"minecraft:gravel":169,"minecraft:purple_shulker_box":1,"minecraft:spruce_fence_gate":3,"minecraft:fern":3}},"DataVersion":3700}