{"stats":{"minecraft:crafted":{"minecraft:oak_planks":60,"minecraft:cobblestone_slab":18,"minecraft:birch_boat":1,"minecraft:cobblestone_stairs":32,"minecraft:diamond_shovel":3,"minecraft:bookshelf":17,"minecraft:cooked_mutton":64,"minecraft:quartz_block":84,"minecraft:bow":16,"minecraft:iron_boots":1,"minecraft:tipped_arrow":60,"minecraft:chest":7,"minecraft:ender_eye":6,"minecraft:oak_fence":6,"minecraft:white_banner":1,"minecraft:arrow":768,"minecraft:emerald":954,"minecraft:diamond_axe":3,"minecraft:crafting_table":3,"minecraft:spruce_planks":1232,"minecraft:wooden_pickaxe":1,"minecraft:baked_potato":56,"minecraft:birch_planks":1140,"minecraft:dark_oak_sapling":1,"minecraft:iron_chestplate":1,"minecraft:diamond_pickaxe":4,"minecraft:shield":1,"minecraft:stick":4186,"minecraft:iron_ingot":117,"minecraft:iron_pickaxe":1,"minecraft:iron_block":8,"minecraft:stone_sword":1,"minecraft:gold_ingot":37,"minecraft:shears":1,"minecraft:stone_shovel":4,"minecraft:iron_nugget":5,"minecraft:experience_bottle":85,"minecraft:furnace":1,"minecraft:flint_and_steel":1,"minecraft:ladder":9,"minecraft:oak_sapling":1,"minecraft:spruce_slab":6,"minecraft:ender_pearl":7,"minecraft:stone_pickaxe":7,"minecraft:spruce_boat":2,"minecraft:cooked_beef":30,"minecraft:enchanting_table":1,"minecraft:iron_sword":1,"minecraft:bucket":1,"minecraft:stone_axe":1,"minecraft:podzol":3,"minecraft:glowstone":12,"minecraft:enchanted_book":2,"minecraft:air":0,"minecraft:iron_shovel":1,"minecraft:iron_leggings":1,"minecraft:anvil":1,"minecraft:white_bed":2,"minecraft:torch":104},"minecraft:mined":{"minecraft:spruce_planks":7,"minecraft:white_bed":12,"minecraft:cobblestone_stairs":1,"minecraft:granite":32,"minecraft:grass_block":380,"minecraft:oxeye_daisy":2,"minecraft:spawner":1,"minecraft:magma_block":107,"minecraft:iron_ore":16,"minecraft:fire":6,"minecraft:pumpkin":13,"minecraft:deepslate_lapis_ore":3,"minecraft:oak_stairs":2,"minecraft:tripwire":8,"minecraft:deepslate_redstone_ore":1,"minecraft:blackstone":52,"minecraft:twisting_vines_plant":1,"minecraft:smoker":4,"minecraft:soul_fire":4,"minecraft:torch":6,"minecraft:chest":4,"minecraft:nether_quartz_ore":254,"minecraft:cobblestone":18,"minecraft:sugar_cane":10,"minecraft:oak_planks":10,"minecraft:iron_door":10,"minecraft:wall_torch":5,"minecraft:warped_nylium":1,"minecraft:birch_log":289,"minecraft:oak_log":6,"minecraft:dirt":233,"minecraft:netherrack":9212,"minecraft:ancient_debris":13,"minecraft:oak_leaves":1,"minecraft:deepslate":96,"minecraft:nether_gold_ore":31,"minecraft:tuff":12,"minecraft:deepslate_diamond_ore":4,"minecraft:ladder":2,"minecraft:nether_bricks":2,"minecraft:spruce_leaves":10,"minecraft:large_fern":10,"minecraft:redstone_ore":4,"minecraft:andesite":42,"minecraft:peony":1,"minecraft:bookshelf":294,"minecraft:deepslate_iron_ore":43,"minecraft:cobblestone_slab":1,"minecraft:rail":51,"minecraft:stone":490,"minecraft:basalt":53,"minecraft:crafting_table":1,"minecraft:short_grass":493,"minecraft:lectern":1,"minecraft:tall_grass":61,"minecraft:lapis_ore":9,"minecraft:deepslate_gold_ore":19,"minecraft:diorite":8,"minecraft:spruce_log":250,"minecraft:birch_leaves":21,"minecraft:coal_ore":39,"minecraft:gravel":169,"minecraft:fern":3},"minecraft:broken":{"minecraft:stone_pickaxe":5,"minecraft:stone_axe":1,"minecraft:stone_shovel":3,"minecraft:iron_pickaxe":1},"minecraft:picked_up":{"minecraft:lead":2,"minecraft:oak_stairs":2,"minecraft:enchanted_book":3,"minecraft:string":10260,"minecraft:diamond_leggings":1,"minecraft:gold_nugget":185,"minecraft:cobbled_deepslate":89,"minecraft:spruce_planks":30,"minecraft:eye_armor_trim_smithing_template":3,"minecraft:cobblestone_slab":1,"minecraft:ender_eye":7,"minecraft:iron_pickaxe":2,"minecraft:iron_boots":6,"minecraft:stick":16,"minecraft:torch":27,"minecraft:porkchop":5,"minecraft:golden_axe":1,"minecraft:diorite":8,"minecraft:golden_chestplate":1,"minecraft:nether_gold_ore":1,"minecraft:rotten_flesh":17,"minecraft:blaze_rod":3,"minecraft:obsidian":4,"minecraft:blaze_powder":6,"minecraft:cobblestone":503,"minecraft:birch_log":285,"minecraft:magma_block":39,"minecraft:feather":6,"minecraft:cooked_beef":9,"minecraft:iron_door":10,"minecraft:water_bucket":1,"minecraft:andesite":43,"minecraft:brown_wool":1,"minecraft:smoker":4,"minecraft:flint":122,"minecraft:tuff":10,"minecraft:lapis_lazuli":79,"minecraft:dirt":609,"minecraft:twisting_vines":3,"minecraft:bone":21,"minecraft:bow":1,"minecraft:wheat_seeds":72,"minecraft:raw_gold":19,"minecraft:grindstone":2,"minecraft:diamond_helmet":1,"minecraft:oak_planks":11,"minecraft:ghast_tear":1,"minecraft:cooked_porkchop":10,"minecraft:poisonous_potato":2,"minecraft:diamond":4,"minecraft:granite":32,"minecraft:emerald":156,"minecraft:oak_sapling":6,"minecraft:netherrack":1010,"minecraft:crafting_table":1,"minecraft:chicken":6,"minecraft:ladder":2,"minecraft:pink_wool":1,"minecraft:shield":1,"minecraft:blackstone":21,"minecraft:beef":17,"minecraft:lectern":1,"minecraft:poppy":1,"minecraft:spruce_slab":2,"minecraft:light_gray_wool":1,"minecraft:minecart":2,"minecraft:sugar_cane":14,"minecraft:chest":4,"minecraft:birch_sapling":7,"minecraft:raw_iron":59,"minecraft:polished_blackstone_bricks":1,"minecraft:redstone":4,"minecraft:arrow":8,"minecraft:diamond_chestplate":1,"minecraft:nether_bricks":2,"minecraft:diamond_boots":1,"minecraft:mutton":66,"minecraft:white_wool":43,"minecraft:rail":93,"minecraft:oxeye_daisy":2,"minecraft:basalt":52,"minecraft:leather":27,"minecraft:birch_planks":4,"minecraft:oak_log":6,"minecraft:ancient_debris":26,"minecraft:gunpowder":2,"minecraft:cobblestone_stairs":1,"minecraft:cooked_mutton":9,"minecraft:iron_sword":1,"minecraft:book":905,"minecraft:nether_quartz_ore":1,"minecraft:birch_boat":2,"minecraft:pumpkin":48,"minecraft:quartz":335,"minecraft:gravel":18,"minecraft:spruce_sapling":22,"minecraft:white_bed":11,"minecraft:spruce_log":286,"minecraft:spider_eye":1,"minecraft:diamond_shovel":2,"minecraft:iron_helmet":1,"minecraft:black_wool":1,"minecraft:coal":67},"minecraft:custom":{"minecraft:interact_with_crafting_table":56,"minecraft:leave_game":2,"minecraft:time_since_death":475049,"minecraft:sprint_one_cm":904512,"minecraft:damage_blocked_by_shield":975,"minecraft:drop":233,"minecraft:talked_to_villager":256,"minecraft:play_time":475049,"minecraft:jump":4731,"minecraft:walk_on_water_one_cm":42746,"minecraft:enchant_item":12,"minecraft:interact_with_furnace":27,"minecraft:traded_with_villager":1150,"minecraft:sleep_in_bed":13,"minecraft:damage_dealt":6570,"minecraft:crouch_one_cm":2359,"minecraft:interact_with_smoker":10,"minecraft:horse_one_cm":51937,"minecraft:mob_kills":94,"minecraft:interact_with_anvil":14,"minecraft:climb_one_cm":4811,"minecraft:walk_one_cm":876536,"minecraft:sneak_time":1976,"minecraft:walk_under_water_one_cm":12942,"minecraft:boat_one_cm":80419,"minecraft:interact_with_blast_furnace":8,"minecraft:total_world_time":475049,"minecraft:interact_with_grindstone":16,"minecraft:time_since_rest":9263,"minecraft:damage_taken":2639,"minecraft:swim_one_cm":15904,"minecraft:fly_one_cm":988156,"minecraft:open_chest":155,"minecraft:fall_one_cm":112251},"minecraft:used":{"minecraft:iron_shovel":15,"minecraft:ladder":5,"minecraft:chest":11,"minecraft:shield":20,"minecraft:iron_sword":3,"minecraft:spruce_boat":2,"minecraft:quartz_block":15,"minecraft:bow":127,"minecraft:furnace":1,"minecraft:diamond_boots":1,"minecraft:stone_pickaxe":719,"minecraft:oak_planks":5,"minecraft:wooden_pickaxe":12,"minecraft:diamond_axe":861,"minecraft:string":8,"minecraft:lectern":1,"minecraft:grindstone":2,"minecraft:andesite":15,"minecraft:experience_bottle":85,"minecraft:oak_fence":6,"minecraft:enchanting_table":1,"minecraft:stone_sword":29,"minecraft:flint_and_steel":5,"minecraft:stone_shovel":441,"minecraft:spruce_planks":98,"minecraft:netherrack":101,"minecraft:torch":119,"minecraft:dirt":74,"minecraft:anvil":1,"minecraft:nether_quartz_ore":1,"minecraft:bookshelf":17,"minecraft:oak_stairs":2,"minecraft:basalt":33,"minecraft:minecart":1,"minecraft:cooked_beef":9,"minecraft:golden_axe":8,"minecraft:cooked_mutton":33,"minecraft:water_bucket":23,"minecraft:cobblestone_stairs":16,"minecraft:baked_potato":13,"minecraft:birch_boat":3,"minecraft:cobblestone_slab":19,"minecraft:rail":71,"minecraft:crafting_table":4,"minecraft:white_bed":3,"minecraft:smoker":2,"minecraft:spruce_log":4,"minecraft:ender_eye":13,"minecraft:diamond_pickaxe":9604,"minecraft:diamond_shovel":154,"minecraft:iron_pickaxe":287,"minecraft:spruce_sapling":12,"minecraft:stone_axe":84,"minecraft:cobblestone":23,"minecraft:white_banner":1,"minecraft:cooked_porkchop":7,"minecraft:bucket":24},"minecraft:dropped":{"minecraft:iron_sword":2,"minecraft:cooked_porkchop":3,"minecraft:leather":2,"minecraft:emerald":9,"minecraft:dirt":67,"minecraft:gold_nugget":4,"minecraft:iron_pickaxe":2,"minecraft:bone":1,"minecraft:sugar_cane":8,"minecraft:ancient_debris":13,"minecraft:golden_chestplate":1,"minecraft:birch_sapling":4,"minecraft:rotten_flesh":12,"minecraft:oak_planks":4,"minecraft:diamond_shovel":2,"minecraft:cooked_mutton":40,"minecraft:golden_shovel":1,"minecraft:white_bed":3,"minecraft:spruce_slab":2,"minecraft:beef":6,"minecraft:netherrack":584,"minecraft:water_bucket":1,"minecraft:wheat_seeds":41,"minecraft:golden_helmet":1,"minecraft:minecart":1,"minecraft:poisonous_potato":2,"minecraft:iron_helmet":1,"minecraft:golden_axe":1,"minecraft:feather":2,"minecraft:book":850,"minecraft:diorite":8,"minecraft:torch":12,"minecraft:iron_door":1,"minecraft:iron_leggings":1,"minecraft:pumpkin":2,"minecraft:iron_shovel":1,"minecraft:string":89,"minecraft:tripwire_hook":2,"minecraft:spruce_sapling":9,"minecraft:stone_sword":1,"minecraft:stone_shovel":1,"minecraft:chicken":1,"minecraft:iron_boots":1,"minecraft:smoker":2,"minecraft:shield":1,"minecraft:spruce_planks":69,"minecraft:andesite":1,"minecraft:spider_eye":1,"minecraft:bow":13,"minecraft:stone_pickaxe":2},"minecraft:killed":{"minecraft:spider":6,"minecraft:skeleton":10,"minecraft:chicken":1,"minecraft:silverfish":1,"minecraft:piglin_brute":4,"minecraft:cat":1,"minecraft:piglin":5,"minecraft:pig":1,"minecraft:sheep":31,"minecraft:pillager":1,"minecraft:zombie":8,"minecraft:ghast":2,"minecraft:cow":7,"minecraft:blaze":8,"minecraft:horse":2,"minecraft:wandering_trader":1,"minecraft:wither_skeleton":2}},"DataVersion":3700}