{"stats":{"minecraft:used":{"minecraft:oak_log":1,"minecraft:oak_leaves":1,"minecraft:grass_block":9},"minecraft:custom":{"minecraft:jump":196,"minecraft:open_chest":1,"minecraft:time_since_rest":14728,"minecraft:damage_dealt":275,"minecraft:leave_game":7,"minecraft:crouch_one_cm":2,"minecraft:time_since_death":14703,"minecraft:play_time":25351,"minecraft:sprint_one_cm":16003,"minecraft:walk_one_cm":5588,"minecraft:walk_on_water_one_cm":887,"minecraft:deaths":1,"minecraft:sneak_time":88,"minecraft:walk_under_water_one_cm":140,"minecraft:total_world_time":25351,"minecraft:mob_kills":2,"minecraft:swim_one_cm":1076,"minecraft:fall_one_cm":1463,"minecraft:fly_one_cm":374836},"minecraft:killed":{"minecraft:chicken":1,"minecraft:donkey":1}},"DataVersion":3700}