{"stats":{"minecraft:custom":{"minecraft:jump":150,"minecraft:open_chest":1,"minecraft:time_since_rest":10242,"minecraft:damage_dealt":235,"minecraft:crouch_one_cm":2,"minecraft:leave_game":5,"minecraft:play_time":10242,"minecraft:sprint_one_cm":12287,"minecraft:time_since_death":10242,"minecraft:walk_on_water_one_cm":887,"minecraft:walk_one_cm":2854,"minecraft:sneak_time":77,"minecraft:total_world_time":10242,"minecraft:walk_under_water_one_cm":140,"minecraft:mob_kills":1,"minecraft:swim_one_cm":1076,"minecraft:fall_one_cm":1463,"minecraft:fly_one_cm":368884},"minecraft:used":{"minecraft:oak_log":1,"minecraft:oak_leaves":1},"minecraft:killed":{"minecraft:donkey":1}},"DataVersion":3700}