{"stats":{"minecraft:used":{"minecraft:oak_log":1,"minecraft:oak_leaves":1,"minecraft:grass_block":1},"minecraft:custom":{"minecraft:jump":161,"minecraft:open_chest":1,"minecraft:time_since_rest":1374,"minecraft:deaths":1,"minecraft:damage_dealt":275,"minecraft:crouch_one_cm":2,"minecraft:leave_game":6,"minecraft:play_time":11997,"minecraft:sprint_one_cm":12478,"minecraft:time_since_death":1349,"minecraft:walk_on_water_one_cm":887,"minecraft:walk_one_cm":3441,"minecraft:sneak_time":77,"minecraft:total_world_time":11997,"minecraft:walk_under_water_one_cm":140,"minecraft:mob_kills":2,"minecraft:swim_one_cm":1076,"minecraft:fall_one_cm":1463,"minecraft:fly_one_cm":369614},"minecraft:killed":{"minecraft:chicken":1,"minecraft:donkey":1}},"DataVersion":3700}