{"stats":{"minecraft:broken":{"minecraft:shears":6,"minecraft:iron_sword":1,"minecraft:iron_axe":1,"minecraft:iron_pickaxe":1,"minecraft:stone_axe":1,"minecraft:stone_shovel":2},"minecraft:crafted":{"minecraft:smooth_stone":3,"minecraft:oak_sign":12,"minecraft:polished_deepslate_wall":1,"minecraft:blaze_powder":16,"minecraft:lever":1,"minecraft:diamond_shovel":2,"minecraft:bookshelf":41,"minecraft:cooked_mutton":7,"minecraft:deepslate_brick_stairs":1,"minecraft:glass":50,"minecraft:diamond_helmet":2,"minecraft:diamond_leggings":2,"minecraft:glass_bottle":6,"minecraft:emerald":1467,"minecraft:cooked_porkchop":16,"minecraft:diamond_axe":1,"minecraft:smithing_table":1,"minecraft:fletching_table":6,"minecraft:lectern":15,"minecraft:stone_slab":12,"minecraft:iron_pickaxe":3,"minecraft:iron_block":21,"minecraft:gold_ingot":18,"minecraft:composter":2,"minecraft:spruce_fence_gate":2,"minecraft:golden_carrot":72,"minecraft:stone_shovel":3,"minecraft:diamond_hoe":3,"minecraft:bone_meal":252,"minecraft:white_carpet":582,"minecraft:ladder":9,"minecraft:spruce_slab":102,"minecraft:stone_pickaxe":12,"minecraft:diamond_boots":2,"minecraft:spruce_boat":4,"minecraft:dark_oak_planks":20,"minecraft:enchanting_table":1,"minecraft:red_bed":1,"minecraft:deepslate_tiles":2,"minecraft:glowstone":28,"minecraft:enchanted_book":82,"minecraft:golden_apple":7,"minecraft:fermented_spider_eye":2,"minecraft:iron_shovel":3,"minecraft:deepslate_tile_stairs":1,"minecraft:white_bed":7,"minecraft:grindstone":6,"minecraft:oak_planks":248,"minecraft:barrel":15,"minecraft:cooked_chicken":4,"minecraft:cobblestone_stairs":4,"minecraft:stone":6,"minecraft:suspicious_stew":7,"minecraft:hopper":21,"minecraft:stone_brick_slab":30,"minecraft:bow":37,"minecraft:iron_boots":10,"minecraft:chest":29,"minecraft:rail":16,"minecraft:stone_hoe":1,"minecraft:stone_bricks":288,"minecraft:smoker":5,"minecraft:oak_slab":84,"minecraft:crafting_table":7,"minecraft:spruce_planks":4288,"minecraft:wooden_pickaxe":1,"minecraft:baked_potato":317,"minecraft:iron_helmet":1,"minecraft:chainmail_chestplate":8,"minecraft:brewing_stand":3,"minecraft:spruce_trapdoor":122,"minecraft:diamond_pickaxe":2,"minecraft:shield":1,"minecraft:stick":5608,"minecraft:iron_ingot":108,"minecraft:stone_sword":1,"minecraft:deepslate_bricks":2,"minecraft:shears":10,"minecraft:cookie":144,"minecraft:redstone":20,"minecraft:stone_brick_wall":36,"minecraft:spruce_button":8,"minecraft:furnace":8,"minecraft:blast_furnace":1,"minecraft:oak_trapdoor":6,"minecraft:polished_deepslate":2,"minecraft:iron_axe":2,"minecraft:minecart":4,"minecraft:cooked_beef":9,"minecraft:sugar":2,"minecraft:red_dye":4,"minecraft:diamond_sword":1,"minecraft:spruce_sign":9,"minecraft:iron_sword":1,"minecraft:bucket":2,"minecraft:stone_axe":2,"minecraft:air":0,"minecraft:bread":66,"minecraft:oak_boat":1,"minecraft:white_wool":336,"minecraft:stonecutter":1,"minecraft:anvil":7,"minecraft:pumpkin_pie":48,"minecraft:torch":40,"minecraft:lapis_lazuli":12,"minecraft:diamond_chestplate":2},"minecraft:dropped":{"minecraft:iron_sword":1,"minecraft:short_grass":1,"minecraft:porkchop":7,"minecraft:lapis_lazuli":4,"minecraft:cooked_beef":9,"minecraft:glass_bottle":10,"minecraft:cooked_porkchop":7,"minecraft:cookie":144,"minecraft:cracked_stone_bricks":3,"minecraft:saddle":3,"minecraft:purpur_stairs":2,"minecraft:elytra":1,"minecraft:rail":47,"minecraft:emerald":299,"minecraft:dirt":278,"minecraft:gold_nugget":22,"minecraft:bone_meal":1,"minecraft:sugar":8,"minecraft:iron_pickaxe":1,"minecraft:white_wool":17,"minecraft:bone":37,"minecraft:stone_axe":2,"minecraft:cooked_chicken":1,"minecraft:golden_chestplate":2,"minecraft:cobbled_deepslate":908,"minecraft:wheat":10,"minecraft:obsidian":5,"minecraft:rotten_flesh":109,"minecraft:grindstone":2,"minecraft:oak_planks":1,"minecraft:end_stone":1,"minecraft:glowstone_dust":10,"minecraft:blaze_powder":14,"minecraft:eye_armor_trim_smithing_template":3,"minecraft:tipped_arrow":1,"minecraft:spruce_slab":5,"minecraft:end_stone_bricks":3,"minecraft:beef":10,"minecraft:warped_wart_block":1,"minecraft:iron_ingot":5,"minecraft:enchanted_book":15,"minecraft:golden_boots":3,"minecraft:orange_shulker_box":1,"minecraft:wheat_seeds":82,"minecraft:dripstone_block":3,"minecraft:book":600,"minecraft:iron_helmet":1,"minecraft:oak_fence":1,"minecraft:purpur_slab":1,"minecraft:feather":8,"minecraft:cobblestone":218,"minecraft:granite":13,"minecraft:spruce_button":1,"minecraft:chainmail_helmet":1,"minecraft:coal":27,"minecraft:golden_apple":4,"minecraft:end_rod":1,"minecraft:oxeye_daisy":2,"minecraft:golden_carrot":27,"minecraft:diamond_helmet":3,"minecraft:pumpkin":35,"minecraft:white_banner":3,"minecraft:red_dye":3,"minecraft:iron_shovel":6,"minecraft:paper":1,"minecraft:string":3660,"minecraft:spruce_sapling":75,"minecraft:purpur_pillar":6,"minecraft:stone_sword":6,"minecraft:diamond_hoe":7,"minecraft:stone_shovel":1,"minecraft:chicken":5,"minecraft:iron_boots":21,"minecraft:stone_slab":6,"minecraft:spruce_fence":2,"minecraft:shears":1,"minecraft:suspicious_stew":13,"minecraft:diamond_sword":2,"minecraft:potato":19,"minecraft:spruce_boat":2,"minecraft:stone":2,"minecraft:spruce_trapdoor":1,"minecraft:spruce_planks":7,"minecraft:diamond_pickaxe":2,"minecraft:spider_eye":9,"minecraft:stone_bricks":5,"minecraft:bow":73,"minecraft:black_wool":1,"minecraft:soul_sand":1,"minecraft:diamond_axe":2,"minecraft:ender_pearl":937,"minecraft:lantern":27,"minecraft:leather":18,"minecraft:flint":2,"minecraft:deepslate_tile_stairs":1,"minecraft:mutton":29,"minecraft:crimson_roots":1,"minecraft:polished_blackstone_bricks":5,"minecraft:purpur_block":3,"minecraft:beetroot":3,"minecraft:diamond_shovel":1,"minecraft:cooked_mutton":7,"minecraft:carrot":34,"minecraft:chainmail_chestplate":17,"minecraft:shulker_shell":13,"minecraft:poppy":1,"minecraft:gunpowder":6,"minecraft:beetroot_seeds":21,"minecraft:chest":5,"minecraft:basalt":2,"minecraft:iron_bars":7,"minecraft:arrow":24,"minecraft:netherrack":48,"minecraft:water_bucket":1,"minecraft:stone_hoe":3,"minecraft:bread":66,"minecraft:diamond_leggings":1,"minecraft:poisonous_potato":3,"minecraft:lead":1,"minecraft:stick":596,"minecraft:diorite":2,"minecraft:torch":5,"minecraft:brown_wool":1,"minecraft:iron_axe":1,"minecraft:bucket":1,"minecraft:redstone":13,"minecraft:oak_trapdoor":1,"minecraft:raw_copper":20,"minecraft:tuff":28,"minecraft:wither_skeleton_skull":1,"minecraft:light_gray_wool":1,"minecraft:totem_of_undying":1,"minecraft:copper_ore":2,"minecraft:shield":4,"minecraft:diamond_chestplate":3,"minecraft:dragon_egg":1,"minecraft:andesite":49,"minecraft:mossy_stone_bricks":1,"minecraft:oak_sapling":5,"minecraft:diamond_boots":1,"minecraft:spruce_log":38,"minecraft:stone_pickaxe":23,"minecraft:wooden_pickaxe":2,"minecraft:magma_cream":5},"minecraft:killed_by":{"minecraft:piglin_brute":1,"minecraft:vindicator":1,"minecraft:ender_dragon":1,"minecraft:wither_skeleton":1,"minecraft:creeper":2,"minecraft:iron_golem":1},"minecraft:killed":{"minecraft:shulker":76,"minecraft:skeleton":29,"minecraft:chicken":11,"minecraft:magma_cube":26,"minecraft:iron_golem":5,"minecraft:pillager":34,"minecraft:donkey":1,"minecraft:zombie":103,"minecraft:cow":27,"minecraft:evoker":5,"minecraft:endermite":1,"minecraft:vindicator":26,"minecraft:horse":2,"minecraft:wandering_trader":1,"minecraft:ravager":3,"minecraft:enderman":583,"minecraft:zombified_piglin":1,"minecraft:witch":6,"minecraft:spider":14,"minecraft:wither":1,"minecraft:bee":1,"minecraft:silverfish":2,"minecraft:piglin":10,"minecraft:pig":8,"minecraft:zombie_villager":4,"minecraft:creeper":20,"minecraft:sheep":24,"minecraft:trader_llama":1,"minecraft:ghast":2,"minecraft:blaze":41,"minecraft:vex":4,"minecraft:drowned":1,"minecraft:hoglin":1,"minecraft:wither_skeleton":72},"minecraft:picked_up":{"minecraft:iron_chestplate":4,"minecraft:suspicious_stew":6,"minecraft:anvil":4,"minecraft:lead":1,"minecraft:stone_slab":7,"minecraft:diamond_sword":6,"minecraft:oak_stairs":2,"minecraft:wither_rose":1,"minecraft:enchanted_book":16,"minecraft:purple_shulker_box":1,"minecraft:polished_deepslate_wall":2,"minecraft:polished_deepslate":194,"minecraft:string":13271,"minecraft:beetroot":3,"minecraft:diamond_leggings":6,"minecraft:gold_nugget":2,"minecraft:cobbled_deepslate":2470,"minecraft:spruce_planks":72,"minecraft:composter":4,"minecraft:purpur_pillar":8,"minecraft:deepslate_tile_stairs":7,"minecraft:golden_chestplate":3,"minecraft:stone_sword":6,"minecraft:glowstone":4,"minecraft:bookshelf":20,"minecraft:end_rod":9,"minecraft:blaze_rod":46,"minecraft:iron_bars":7,"minecraft:feather":14,"minecraft:cooked_beef":32,"minecraft:water_bucket":7,"minecraft:iron_door":1,"minecraft:smoker":12,"minecraft:flint":16,"minecraft:lantern":54,"minecraft:stonecutter":1,"minecraft:diamond_helmet":8,"minecraft:glowstone_dust":10,"minecraft:warped_wart_block":2,"minecraft:deepslate":53,"minecraft:lever":2,"minecraft:granite":13,"minecraft:spruce_button":2,"minecraft:chainmail_helmet":1,"minecraft:bread":3,"minecraft:dark_oak_fence":6,"minecraft:crimson_roots":2,"minecraft:diamond_pickaxe":11,"minecraft:crafting_table":10,"minecraft:purpur_block":19,"minecraft:elytra":3,"minecraft:flint_and_steel":1,"minecraft:white_carpet":76,"minecraft:iron_shovel":3,"minecraft:cracked_stone_bricks":5,"minecraft:deepslate_diamond_ore":8,"minecraft:beef":38,"minecraft:poppy":16,"minecraft:spruce_slab":3,"minecraft:minecart":31,"minecraft:chest":19,"minecraft:birch_sapling":3,"minecraft:egg":3,"minecraft:diamond_hoe":9,"minecraft:copper_ore":2,"minecraft:stone":421,"minecraft:spruce_fence":2,"minecraft:carrot":129,"minecraft:redstone":65,"minecraft:stone_shovel":2,"minecraft:diamond_chestplate":5,"minecraft:beetroot_seeds":21,"minecraft:deepslate_bricks":50,"minecraft:shears":2,"minecraft:diamond_boots":4,"minecraft:purpur_slab":1,"minecraft:gold_ingot":86,"minecraft:totem_of_undying":6,"minecraft:mutton":40,"minecraft:white_wool":34,"minecraft:bone_block":100,"minecraft:rail":455,"minecraft:oxeye_daisy":2,"minecraft:stripped_oak_log":1,"minecraft:birch_leaves":2,"minecraft:tripwire_hook":4,"minecraft:purpur_stairs":2,"minecraft:oak_log":63,"minecraft:golden_boots":2,"minecraft:paper":41,"minecraft:white_banner":9,"minecraft:stone_bricks":181,"minecraft:apple":5,"minecraft:stone_pickaxe":12,"minecraft:glass_bottle":9,"minecraft:iron_sword":5,"minecraft:gravel":67,"minecraft:spruce_sapling":85,"minecraft:spruce_log":633,"minecraft:dragon_egg":2,"minecraft:diamond_shovel":10,"minecraft:stone_axe":1,"minecraft:short_grass":1,"minecraft:diamond_axe":6,"minecraft:deepslate_redstone_ore":23,"minecraft:baked_potato":93,"minecraft:warped_nylium":2,"minecraft:ender_pearl":364,"minecraft:shulker_shell":29,"minecraft:wheat":10,"minecraft:nether_brick_fence":1,"minecraft:potion":1,"minecraft:raw_copper":20,"minecraft:deepslate_lapis_ore":9,"minecraft:deepslate_tiles":4,"minecraft:bucket":2,"minecraft:iron_pickaxe":4,"minecraft:iron_boots":12,"minecraft:furnace":8,"minecraft:tipped_arrow":25,"minecraft:stick":126,"minecraft:orange_shulker_box":9,"minecraft:oak_fence":2,"minecraft:torch":165,"minecraft:porkchop":23,"minecraft:diorite":12,"minecraft:rotten_flesh":119,"minecraft:deepslate_brick_stairs":1,"minecraft:obsidian":46,"minecraft:cobblestone":850,"minecraft:enchanting_table":1,"minecraft:lilac":2,"minecraft:magma_cream":5,"minecraft:andesite":55,"minecraft:potato":921,"minecraft:tuff":92,"minecraft:wither_skeleton_skull":6,"minecraft:dirt":3195,"minecraft:lapis_lazuli":62,"minecraft:name_tag":2,"minecraft:glass":20,"minecraft:bone":213,"minecraft:bow":40,"minecraft:wheat_seeds":187,"minecraft:raw_gold":11,"minecraft:grindstone":3,"minecraft:fletching_table":35,"minecraft:mossy_stone_bricks":6,"minecraft:powered_rail":3,"minecraft:oak_planks":15,"minecraft:stone_hoe":3,"minecraft:oak_pressure_plate":1,"minecraft:poisonous_potato":3,"minecraft:sand":50,"minecraft:light_blue_shulker_box":7,"minecraft:shulker_box":14,"minecraft:sugar":12,"minecraft:diamond":23,"minecraft:spruce_boat":12,"minecraft:bone_meal":63,"minecraft:golden_apple":1,"minecraft:spruce_sign":1,"minecraft:emerald":595,"minecraft:oak_sapling":76,"minecraft:netherrack":589,"minecraft:nether_star":1,"minecraft:oak_leaves":1432,"minecraft:end_stone_bricks":40,"minecraft:chicken":9,"minecraft:chest_minecart":1,"minecraft:brown_mushroom":2,"minecraft:wooden_pickaxe":1,"minecraft:pink_wool":1,"minecraft:gold_block":63,"minecraft:shield":7,"minecraft:oak_trapdoor":2,"minecraft:iron_axe":4,"minecraft:blackstone":20,"minecraft:detector_rail":2,"minecraft:lectern":207,"minecraft:sugar_cane":171,"minecraft:spruce_trapdoor":22,"minecraft:raw_iron":117,"minecraft:end_stone":309,"minecraft:polished_blackstone_bricks":7,"minecraft:arrow":56,"minecraft:red_shulker_box":2,"minecraft:nether_bricks":38,"minecraft:saddle":6,"minecraft:basalt":358,"minecraft:golden_carrot":27,"minecraft:leather":39,"minecraft:chainmail_chestplate":10,"minecraft:yellow_bed":3,"minecraft:gunpowder":16,"minecraft:cooked_mutton":110,"minecraft:iron_ingot":199,"minecraft:cooked_chicken":2,"minecraft:soul_sand":5,"minecraft:book":2059,"minecraft:birch_boat":3,"minecraft:pumpkin":70,"minecraft:dripstone_block":3,"minecraft:blast_furnace":6,"minecraft:white_bed":30,"minecraft:spider_eye":14,"minecraft:iron_helmet":1,"minecraft:black_wool":1,"minecraft:coal":523,"minecraft:sunflower":1},"minecraft:custom":{"minecraft:interact_with_crafting_table":136,"minecraft:open_barrel":9,"minecraft:bell_ring":1,"minecraft:leave_game":20,"minecraft:time_since_death":70350,"minecraft:damage_blocked_by_shield":1995,"minecraft:play_time":1074585,"minecraft:deaths":8,"minecraft:jump":19200,"minecraft:enchant_item":4,"minecraft:interact_with_furnace":49,"minecraft:traded_with_villager":1746,"minecraft:sleep_in_bed":31,"minecraft:damage_dealt":134523,"minecraft:interact_with_smoker":57,"minecraft:horse_one_cm":560,"minecraft:interact_with_anvil":29,"minecraft:inspect_hopper":11,"minecraft:sneak_time":84870,"minecraft:interact_with_blast_furnace":7,"minecraft:total_world_time":1074585,"minecraft:interact_with_stonecutter":10,"minecraft:time_since_rest":40588,"minecraft:swim_one_cm":97099,"minecraft:fly_one_cm":5930538,"minecraft:open_chest":669,"minecraft:fall_one_cm":491247,"minecraft:open_shulker_box":260,"minecraft:sprint_one_cm":2883253,"minecraft:drop":687,"minecraft:talked_to_villager":965,"minecraft:interact_with_brewingstand":18,"minecraft:walk_on_water_one_cm":90931,"minecraft:crouch_one_cm":334589,"minecraft:mob_kills":1156,"minecraft:climb_one_cm":7975,"minecraft:walk_one_cm":2354247,"minecraft:raid_win":1,"minecraft:walk_under_water_one_cm":20859,"minecraft:boat_one_cm":91764,"minecraft:interact_with_grindstone":8,"minecraft:damage_taken":18912,"minecraft:aviate_one_cm":1093975},"minecraft:mined":{"minecraft:red_shulker_box":1,"minecraft:white_bed":21,"minecraft:obsidian":46,"minecraft:granite":13,"minecraft:oak_pressure_plate":1,"minecraft:deepslate_bricks":46,"minecraft:deepslate_tile_stairs":5,"minecraft:purpur_slab":1,"minecraft:hopper":1,"minecraft:polished_blackstone_bricks":17,"minecraft:magma_block":1,"minecraft:fire":31,"minecraft:pumpkin":68,"minecraft:fletching_table":34,"minecraft:deepslate_lapis_ore":11,"minecraft:enchanting_table":1,"minecraft:dirt_path":20,"minecraft:oak_stairs":2,"minecraft:tripwire":13,"minecraft:brown_mushroom":2,"minecraft:smoker":7,"minecraft:torch":10,"minecraft:blast_furnace":5,"minecraft:spruce_wall_sign":1,"minecraft:glass":2,"minecraft:sugar_cane":84,"minecraft:wheat":42,"minecraft:lilac":1,"minecraft:infested_mossy_stone_bricks":1,"minecraft:stonecutter":1,"minecraft:deepslate":303,"minecraft:deepslate_tiles":2,"minecraft:shulker_box":9,"minecraft:end_stone":246,"minecraft:nether_bricks":40,"minecraft:dark_oak_fence":6,"minecraft:crimson_roots":2,"minecraft:orange_shulker_box":5,"minecraft:andesite":54,"minecraft:potatoes":187,"minecraft:rail":367,"minecraft:bone_block":66,"minecraft:white_wool":3,"minecraft:soul_sand":4,"minecraft:spruce_button":2,"minecraft:short_grass":681,"minecraft:purpur_pillar":7,"minecraft:tall_grass":82,"minecraft:copper_ore":8,"minecraft:diorite":10,"minecraft:warped_wart_block":1,"minecraft:white_carpet":59,"minecraft:spruce_log":524,"minecraft:birch_leaves":25,"minecraft:sunflower":1,"minecraft:gravel":72,"minecraft:dripstone_block":3,"minecraft:cobweb":2,"minecraft:stone_bricks":185,"minecraft:spruce_planks":32,"minecraft:spruce_trapdoor":11,"minecraft:grass_block":2201,"minecraft:cracked_polished_blackstone_bricks":2,"minecraft:composter":3,"minecraft:frosted_ice":2,"minecraft:glowstone":5,"minecraft:iron_ore":62,"minecraft:anvil":4,"minecraft:iron_bars":7,"minecraft:end_stone_bricks":39,"minecraft:spruce_slab":3,"minecraft:deepslate_redstone_ore":27,"minecraft:blackstone":14,"minecraft:purpur_stairs":2,"minecraft:poppy":5,"minecraft:chest":15,"minecraft:cobblestone":21,"minecraft:grindstone":3,"minecraft:oak_planks":6,"minecraft:iron_door":1,"minecraft:wall_torch":3,"minecraft:deepslate_copper_ore":2,"minecraft:seagrass":1,"minecraft:warped_nylium":2,"minecraft:purpur_block":18,"minecraft:oak_log":64,"minecraft:beetroots":3,"minecraft:sand":50,"minecraft:dirt":494,"minecraft:netherrack":310,"minecraft:polished_deepslate_wall":1,"minecraft:oak_leaves":2256,"minecraft:tuff":30,"minecraft:deepslate_diamond_ore":15,"minecraft:lever":1,"minecraft:spruce_leaves":13,"minecraft:spruce_sapling":8,"minecraft:furnace":4,"minecraft:carrots":51,"minecraft:detector_rail":1,"minecraft:peony":1,"minecraft:gold_block":16,"minecraft:nether_brick_fence":1,"minecraft:polished_deepslate":8,"minecraft:bookshelf":207,"minecraft:deepslate_iron_ore":23,"minecraft:stripped_oak_log":1,"minecraft:stone":619,"minecraft:podzol":3,"minecraft:light_blue_shulker_box":5,"minecraft:magenta_stained_glass":1,"minecraft:infested_stone_bricks":1,"minecraft:basalt":199,"minecraft:oak_fence":1,"minecraft:crafting_table":8,"minecraft:lectern":200,"minecraft:stone_slab":1,"minecraft:lapis_ore":6,"minecraft:bee_nest":1,"minecraft:yellow_bed":3,"minecraft:coal_ore":101,"minecraft:end_rod":8,"minecraft:cracked_stone_bricks":5,"minecraft:mossy_stone_bricks":6},"minecraft:used":{"minecraft:nether_brick_fence":1,"minecraft:poppy":3,"minecraft:spruce_slab":6,"minecraft:ladder":5,"minecraft:elytra":20,"minecraft:chest":18,"minecraft:stone":7,"minecraft:soul_sand":4,"minecraft:spruce_boat":11,"minecraft:lava_bucket":1,"minecraft:grass_block":9,"minecraft:birch_sapling":1,"minecraft:orange_shulker_box":7,"minecraft:bow":274,"minecraft:furnace":8,"minecraft:egg":3,"minecraft:potato":285,"minecraft:mossy_stone_bricks":5,"minecraft:diorite":1,"minecraft:end_stone_bricks":11,"minecraft:powered_rail":1,"minecraft:wooden_pickaxe":18,"minecraft:composter":3,"minecraft:purpur_pillar":2,"minecraft:oak_leaves":1433,"minecraft:golden_apple":1,"minecraft:blast_furnace":7,"minecraft:deepslate_tiles":2,"minecraft:lectern":209,"minecraft:oak_pressure_plate":1,"minecraft:diamond_sword":1124,"minecraft:smithing_table":1,"minecraft:oak_boat":1,"minecraft:oak_trapdoor":5,"minecraft:enchanting_table":2,"minecraft:stone_sword":118,"minecraft:netherrack":609,"minecraft:torch":16,"minecraft:brewing_stand":3,"minecraft:anvil":10,"minecraft:red_shulker_box":2,"minecraft:iron_axe":281,"minecraft:spruce_button":9,"minecraft:polished_deepslate_wall":43,"minecraft:barrel":15,"minecraft:diamond_chestplate":19,"minecraft:basalt":53,"minecraft:tripwire_hook":2,"minecraft:glowstone":25,"minecraft:goat_horn":3,"minecraft:cobbled_deepslate":1,"minecraft:water_bucket":114,"minecraft:light_blue_shulker_box":7,"minecraft:fletching_table":41,"minecraft:spruce_fence_gate":2,"minecraft:deepslate_bricks":227,"minecraft:cracked_stone_bricks":2,"minecraft:rail":236,"minecraft:crafting_table":14,"minecraft:red_bed":1,"minecraft:white_bed":35,"minecraft:spruce_log":2,"minecraft:oak_log":1,"minecraft:diamond_pickaxe":2539,"minecraft:diamond_shovel":2960,"minecraft:sunflower":1,"minecraft:iron_pickaxe":477,"minecraft:spruce_trapdoor":89,"minecraft:spruce_sapling":84,"minecraft:cobblestone":73,"minecraft:potion":1,"minecraft:cooked_porkchop":9,"minecraft:diamond_leggings":1,"minecraft:polished_deepslate":95,"minecraft:diamond_hoe":845,"minecraft:oak_sign":12,"minecraft:shield":28,"minecraft:iron_sword":263,"minecraft:nether_bricks":38,"minecraft:carrot":33,"minecraft:obsidian":23,"minecraft:glass":30,"minecraft:warped_nylium":2,"minecraft:iron_helmet":1,"minecraft:stone_bricks":289,"minecraft:end_rod":8,"minecraft:diamond_boots":1,"minecraft:wither_skeleton_skull":3,"minecraft:birch_leaves":2,"minecraft:stone_pickaxe":138,"minecraft:oak_planks":5,"minecraft:ender_pearl":140,"minecraft:sugar_cane":28,"minecraft:diamond_axe":944,"minecraft:white_wool":3,"minecraft:stone_brick_wall":26,"minecraft:end_stone":249,"minecraft:shears":1435,"minecraft:lever":3,"minecraft:string":19,"minecraft:deepslate":14,"minecraft:gravel":51,"minecraft:grindstone":7,"minecraft:andesite":2,"minecraft:bone_meal":190,"minecraft:experience_bottle":1,"minecraft:oak_fence":1,"minecraft:purpur_block":16,"minecraft:flint_and_steel":14,"minecraft:stone_shovel":373,"minecraft:spruce_planks":412,"minecraft:stone_hoe":80,"minecraft:cooked_chicken":5,"minecraft:dirt":1355,"minecraft:white_carpet":598,"minecraft:hopper":22,"minecraft:diamond_helmet":1,"minecraft:shulker_box":12,"minecraft:golden_chestplate":1,"minecraft:stone_brick_slab":30,"minecraft:bookshelf":61,"minecraft:oak_stairs":2,"minecraft:golden_carrot":66,"minecraft:deepslate_tile_stairs":139,"minecraft:minecart":33,"minecraft:cooked_beef":34,"minecraft:cooked_mutton":37,"minecraft:cobblestone_stairs":4,"minecraft:glass_bottle":6,"minecraft:baked_potato":139,"minecraft:birch_boat":2,"minecraft:spruce_sign":10,"minecraft:stonecutter":2,"minecraft:smoker":13,"minecraft:apple":1,"minecraft:detector_rail":2,"minecraft:stone_slab":1,"minecraft:stone_axe":184,"minecraft:bucket":116,"minecraft:pumpkin_pie":48,"minecraft:splash_potion":4}},"DataVersion":3700}