{"stats":{"minecraft:used":{"minecraft:oak_log":1,"minecraft:oak_leaves":1},"minecraft:custom":{"minecraft:jump":106,"minecraft:open_chest":1,"minecraft:time_since_rest":7794,"minecraft:crouch_one_cm":2,"minecraft:leave_game":4,"minecraft:play_time":7794,"minecraft:sprint_one_cm":11190,"minecraft:time_since_death":7794,"minecraft:walk_on_water_one_cm":360,"minecraft:walk_one_cm":2392,"minecraft:sneak_time":57,"minecraft:total_world_time":7794,"minecraft:fall_one_cm":1463,"minecraft:fly_one_cm":207155}},"DataVersion":3700}