{"stats":{"minecraft:broken":{"minecraft:stone_axe":1,"minecraft:iron_sword":1,"minecraft:stone_shovel":2,"minecraft:iron_axe":1,"minecraft:iron_pickaxe":1},"minecraft:crafted":{"minecraft:grindstone":2,"minecraft:smooth_stone":3,"minecraft:oak_planks":60,"minecraft:barrel":3,"minecraft:blaze_powder":6,"minecraft:cooked_chicken":4,"minecraft:stone":6,"minecraft:lever":1,"minecraft:diamond_shovel":2,"minecraft:bookshelf":21,"minecraft:cooked_mutton":7,"minecraft:glass":50,"minecraft:hopper":1,"minecraft:diamond_helmet":2,"minecraft:bow":28,"minecraft:diamond_leggings":2,"minecraft:iron_boots":10,"minecraft:chest":6,"minecraft:stone_hoe":1,"minecraft:smoker":4,"minecraft:emerald":390,"minecraft:cooked_porkchop":16,"minecraft:diamond_axe":1,"minecraft:crafting_table":4,"minecraft:spruce_planks":1692,"minecraft:iron_helmet":1,"minecraft:wooden_pickaxe":1,"minecraft:baked_potato":56,"minecraft:chainmail_chestplate":8,"minecraft:smithing_table":1,"minecraft:fletching_table":3,"minecraft:brewing_stand":1,"minecraft:spruce_trapdoor":16,"minecraft:lectern":15,"minecraft:diamond_pickaxe":2,"minecraft:stick":2536,"minecraft:stone_slab":6,"minecraft:iron_ingot":108,"minecraft:iron_pickaxe":3,"minecraft:stone_sword":1,"minecraft:shears":1,"minecraft:redstone":20,"minecraft:stone_shovel":3,"minecraft:diamond_hoe":3,"minecraft:spruce_button":8,"minecraft:furnace":7,"minecraft:blast_furnace":1,"minecraft:bone_meal":252,"minecraft:white_carpet":6,"minecraft:oak_trapdoor":6,"minecraft:iron_axe":2,"minecraft:ladder":9,"minecraft:spruce_slab":84,"minecraft:stone_pickaxe":12,"minecraft:diamond_boots":2,"minecraft:dark_oak_planks":20,"minecraft:minecart":3,"minecraft:cooked_beef":9,"minecraft:red_dye":4,"minecraft:diamond_sword":1,"minecraft:spruce_sign":9,"minecraft:iron_sword":1,"minecraft:red_bed":1,"minecraft:bucket":2,"minecraft:stone_axe":2,"minecraft:glowstone":4,"minecraft:enchanted_book":7,"minecraft:air":0,"minecraft:oak_boat":1,"minecraft:white_wool":16,"minecraft:iron_shovel":3,"minecraft:white_bed":7,"minecraft:lapis_lazuli":12,"minecraft:diamond_chestplate":2},"minecraft:dropped":{"minecraft:iron_sword":1,"minecraft:soul_sand":1,"minecraft:porkchop":7,"minecraft:cooked_beef":9,"minecraft:cooked_porkchop":7,"minecraft:leather":18,"minecraft:cracked_stone_bricks":3,"minecraft:rail":47,"minecraft:flint":2,"minecraft:emerald":155,"minecraft:dirt":12,"minecraft:mutton":29,"minecraft:crimson_roots":1,"minecraft:gold_nugget":22,"minecraft:polished_blackstone_bricks":5,"minecraft:iron_pickaxe":1,"minecraft:white_wool":17,"minecraft:bone":8,"minecraft:stone_axe":1,"minecraft:cooked_chicken":1,"minecraft:golden_chestplate":2,"minecraft:cobbled_deepslate":12,"minecraft:wheat":10,"minecraft:obsidian":5,"minecraft:beetroot":3,"minecraft:rotten_flesh":51,"minecraft:grindstone":2,"minecraft:oak_planks":1,"minecraft:diamond_shovel":1,"minecraft:glowstone_dust":2,"minecraft:blaze_powder":6,"minecraft:cooked_mutton":7,"minecraft:carrot":1,"minecraft:eye_armor_trim_smithing_template":3,"minecraft:chainmail_chestplate":15,"minecraft:poppy":1,"minecraft:tipped_arrow":1,"minecraft:gunpowder":5,"minecraft:beetroot_seeds":11,"minecraft:spruce_slab":5,"minecraft:iron_bars":7,"minecraft:arrow":14,"minecraft:beef":10,"minecraft:warped_wart_block":1,"minecraft:netherrack":48,"minecraft:enchanted_book":2,"minecraft:water_bucket":1,"minecraft:stone_hoe":1,"minecraft:golden_boots":3,"minecraft:iron_ingot":5,"minecraft:wheat_seeds":80,"minecraft:dripstone_block":3,"minecraft:diamond_leggings":1,"minecraft:poisonous_potato":3,"minecraft:iron_helmet":1,"minecraft:oak_fence":1,"minecraft:feather":8,"minecraft:cobblestone":6,"minecraft:book":599,"minecraft:granite":13,"minecraft:spruce_button":1,"minecraft:coal":18,"minecraft:stick":2,"minecraft:diorite":2,"minecraft:torch":1,"minecraft:brown_wool":1,"minecraft:diamond_helmet":2,"minecraft:pumpkin":35,"minecraft:iron_axe":1,"minecraft:red_dye":3,"minecraft:iron_shovel":6,"minecraft:string":2178,"minecraft:spruce_sapling":13,"minecraft:oak_trapdoor":1,"minecraft:stone_sword":2,"minecraft:raw_copper":20,"minecraft:tuff":1,"minecraft:diamond_hoe":7,"minecraft:stone_shovel":1,"minecraft:chicken":5,"minecraft:light_gray_wool":1,"minecraft:iron_boots":21,"minecraft:stone_slab":6,"minecraft:potato":19,"minecraft:shield":1,"minecraft:diamond_chestplate":1,"minecraft:spruce_planks":1,"minecraft:andesite":43,"minecraft:mossy_stone_bricks":1,"minecraft:oak_sapling":3,"minecraft:spider_eye":3,"minecraft:stone_bricks":5,"minecraft:spruce_log":38,"minecraft:diamond_boots":1,"minecraft:bow":54,"minecraft:stone_pickaxe":22,"minecraft:wooden_pickaxe":2,"minecraft:black_wool":1},"minecraft:killed_by":{"minecraft:wither_skeleton":1,"minecraft:piglin_brute":1,"minecraft:creeper":2,"minecraft:iron_golem":1},"minecraft:killed":{"minecraft:spider":11,"minecraft:skeleton":14,"minecraft:bee":1,"minecraft:chicken":11,"minecraft:silverfish":2,"minecraft:magma_cube":20,"minecraft:piglin":7,"minecraft:pig":8,"minecraft:zombie_villager":3,"minecraft:iron_golem":5,"minecraft:creeper":14,"minecraft:sheep":24,"minecraft:pillager":4,"minecraft:donkey":1,"minecraft:zombie":60,"minecraft:ghast":1,"minecraft:blaze":1,"minecraft:cow":27,"minecraft:horse":2,"minecraft:drowned":1,"minecraft:hoglin":1,"minecraft:wither_skeleton":7},"minecraft:picked_up":{"minecraft:wheat":10,"minecraft:stone_slab":6,"minecraft:diamond_sword":1,"minecraft:string":11032,"minecraft:raw_copper":20,"minecraft:beetroot":3,"minecraft:diamond_leggings":1,"minecraft:cobbled_deepslate":32,"minecraft:spruce_planks":43,"minecraft:iron_pickaxe":2,"minecraft:iron_boots":10,"minecraft:furnace":6,"minecraft:stick":55,"minecraft:composter":4,"minecraft:oak_fence":1,"minecraft:torch":12,"minecraft:porkchop":23,"minecraft:diorite":7,"minecraft:golden_chestplate":3,"minecraft:stone_sword":1,"minecraft:rotten_flesh":53,"minecraft:blaze_rod":2,"minecraft:obsidian":18,"minecraft:iron_bars":7,"minecraft:cobblestone":588,"minecraft:feather":14,"minecraft:cooked_beef":27,"minecraft:iron_door":1,"minecraft:water_bucket":5,"minecraft:andesite":49,"minecraft:smoker":7,"minecraft:potato":729,"minecraft:flint":10,"minecraft:tuff":1,"minecraft:lapis_lazuli":57,"minecraft:dirt":1305,"minecraft:glass":20,"minecraft:bone":11,"minecraft:bow":26,"minecraft:wheat_seeds":110,"minecraft:raw_gold":3,"minecraft:grindstone":2,"minecraft:mossy_stone_bricks":6,"minecraft:fletching_table":3,"minecraft:diamond_helmet":2,"minecraft:glowstone_dust":2,"minecraft:powered_rail":3,"minecraft:stone_hoe":1,"minecraft:oak_planks":15,"minecraft:warped_wart_block":2,"minecraft:poisonous_potato":3,"minecraft:sand":50,"minecraft:diamond":10,"minecraft:spruce_boat":3,"minecraft:lever":2,"minecraft:granite":13,"minecraft:golden_apple":1,"minecraft:spruce_button":2,"minecraft:spruce_sign":1,"minecraft:emerald":129,"minecraft:bread":2,"minecraft:oak_sapling":3,"minecraft:netherrack":280,"minecraft:dark_oak_fence":6,"minecraft:crimson_roots":2,"minecraft:diamond_pickaxe":3,"minecraft:crafting_table":10,"minecraft:chicken":9,"minecraft:chest_minecart":1,"minecraft:wooden_pickaxe":1,"minecraft:pink_wool":1,"minecraft:gold_block":32,"minecraft:shield":1,"minecraft:oak_trapdoor":2,"minecraft:iron_axe":4,"minecraft:flint_and_steel":1,"minecraft:white_carpet":6,"minecraft:iron_shovel":3,"minecraft:blackstone":20,"minecraft:cracked_stone_bricks":5,"minecraft:detector_rail":2,"minecraft:beef":38,"minecraft:poppy":14,"minecraft:spruce_slab":2,"minecraft:minecart":20,"minecraft:lectern":143,"minecraft:sugar_cane":21,"minecraft:birch_sapling":1,"minecraft:diamond_hoe":7,"minecraft:egg":2,"minecraft:raw_iron":113,"minecraft:polished_blackstone_bricks":7,"minecraft:carrot":96,"minecraft:redstone":7,"minecraft:stone_shovel":2,"minecraft:arrow":9,"minecraft:diamond_chestplate":1,"minecraft:beetroot_seeds":11,"minecraft:nether_bricks":11,"minecraft:diamond_boots":1,"minecraft:gold_ingot":8,"minecraft:mutton":40,"minecraft:bone_block":64,"minecraft:rail":327,"minecraft:white_wool":34,"minecraft:stripped_oak_log":1,"minecraft:basalt":356,"minecraft:tripwire_hook":4,"minecraft:leather":37,"minecraft:oak_log":27,"minecraft:chainmail_chestplate":8,"minecraft:golden_boots":2,"minecraft:yellow_bed":3,"minecraft:gunpowder":6,"minecraft:white_banner":1,"minecraft:cooked_mutton":110,"minecraft:apple":1,"minecraft:stone_bricks":9,"minecraft:iron_ingot":31,"minecraft:stone_pickaxe":11,"minecraft:cooked_chicken":2,"minecraft:iron_sword":4,"minecraft:soul_sand":1,"minecraft:book":1963,"minecraft:birch_boat":3,"minecraft:pumpkin":51,"minecraft:dripstone_block":3,"minecraft:gravel":67,"minecraft:spruce_sapling":53,"minecraft:blast_furnace":5,"minecraft:white_bed":22,"minecraft:spruce_log":513,"minecraft:spider_eye":5,"minecraft:diamond_shovel":3,"minecraft:diamond_axe":1,"minecraft:baked_potato":42,"minecraft:black_wool":1,"minecraft:coal":253,"minecraft:sunflower":1},"minecraft:custom":{"minecraft:interact_with_crafting_table":77,"minecraft:bell_ring":1,"minecraft:leave_game":11,"minecraft:time_since_death":52696,"minecraft:sprint_one_cm":1285839,"minecraft:damage_blocked_by_shield":60,"minecraft:drop":361,"minecraft:talked_to_villager":384,"minecraft:play_time":460773,"minecraft:deaths":6,"minecraft:jump":9247,"minecraft:walk_on_water_one_cm":59850,"minecraft:enchant_item":4,"minecraft:interact_with_furnace":46,"minecraft:traded_with_villager":495,"minecraft:sleep_in_bed":18,"minecraft:damage_dealt":36209,"minecraft:crouch_one_cm":162211,"minecraft:interact_with_smoker":25,"minecraft:horse_one_cm":216,"minecraft:interact_with_anvil":2,"minecraft:mob_kills":232,"minecraft:climb_one_cm":4260,"minecraft:walk_one_cm":946907,"minecraft:sneak_time":42541,"minecraft:walk_under_water_one_cm":9309,"minecraft:boat_one_cm":67476,"minecraft:interact_with_blast_furnace":7,"minecraft:total_world_time":460773,"minecraft:interact_with_grindstone":2,"minecraft:time_since_rest":2161,"minecraft:damage_taken":6611,"minecraft:swim_one_cm":71245,"minecraft:fly_one_cm":2366353,"minecraft:open_chest":265,"minecraft:fall_one_cm":252453},"minecraft:used":{"minecraft:spruce_slab":6,"minecraft:ladder":5,"minecraft:poppy":3,"minecraft:diamond_hoe":83,"minecraft:chest":5,"minecraft:shield":1,"minecraft:iron_sword":263,"minecraft:nether_bricks":11,"minecraft:carrot":33,"minecraft:obsidian":22,"minecraft:spruce_boat":2,"minecraft:glass":30,"minecraft:lava_bucket":1,"minecraft:grass_block":9,"minecraft:birch_sapling":1,"minecraft:iron_helmet":1,"minecraft:stone_bricks":4,"minecraft:furnace":6,"minecraft:egg":2,"minecraft:potato":285,"minecraft:mossy_stone_bricks":5,"minecraft:diorite":1,"minecraft:oak_planks":5,"minecraft:stone_pickaxe":138,"minecraft:powered_rail":1,"minecraft:wooden_pickaxe":18,"minecraft:composter":2,"minecraft:diamond_axe":688,"minecraft:golden_apple":1,"minecraft:oak_leaves":1,"minecraft:white_wool":3,"minecraft:blast_furnace":6,"minecraft:shears":2,"minecraft:lever":3,"minecraft:string":9,"minecraft:lectern":148,"minecraft:gravel":51,"minecraft:diamond_sword":49,"minecraft:grindstone":2,"minecraft:smithing_table":1,"minecraft:andesite":2,"minecraft:oak_boat":1,"minecraft:bone_meal":190,"minecraft:experience_bottle":1,"minecraft:oak_trapdoor":5,"minecraft:stone_sword":118,"minecraft:flint_and_steel":14,"minecraft:stone_shovel":373,"minecraft:spruce_planks":110,"minecraft:cooked_chicken":5,"minecraft:stone_hoe":80,"minecraft:netherrack":232,"minecraft:torch":6,"minecraft:brewing_stand":1,"minecraft:dirt":781,"minecraft:hopper":1,"minecraft:golden_chestplate":1,"minecraft:bookshelf":3,"minecraft:iron_axe":281,"minecraft:spruce_button":9,"minecraft:barrel":3,"minecraft:tripwire_hook":2,"minecraft:basalt":53,"minecraft:goat_horn":3,"minecraft:minecart":20,"minecraft:cooked_beef":34,"minecraft:cobbled_deepslate":1,"minecraft:cooked_mutton":37,"minecraft:water_bucket":50,"minecraft:baked_potato":24,"minecraft:birch_boat":2,"minecraft:spruce_sign":10,"minecraft:fletching_table":6,"minecraft:cracked_stone_bricks":2,"minecraft:rail":134,"minecraft:crafting_table":11,"minecraft:red_bed":1,"minecraft:white_bed":32,"minecraft:spruce_log":2,"minecraft:smoker":7,"minecraft:oak_log":1,"minecraft:diamond_pickaxe":959,"minecraft:diamond_shovel":1104,"minecraft:sunflower":1,"minecraft:iron_pickaxe":477,"minecraft:detector_rail":2,"minecraft:spruce_trapdoor":16,"minecraft:spruce_sapling":40,"minecraft:stone_axe":184,"minecraft:cobblestone":61,"minecraft:cooked_porkchop":9,"minecraft:bucket":52},"minecraft:mined":{"minecraft:white_bed":18,"minecraft:spruce_planks":7,"minecraft:obsidian":18,"minecraft:granite":13,"minecraft:grass_block":670,"minecraft:cracked_polished_blackstone_bricks":2,"minecraft:composter":3,"minecraft:polished_blackstone_bricks":17,"minecraft:glowstone":1,"minecraft:iron_ore":62,"minecraft:fire":19,"minecraft:pumpkin":49,"minecraft:deepslate_lapis_ore":2,"minecraft:fletching_table":3,"minecraft:dirt_path":18,"minecraft:iron_bars":7,"minecraft:spruce_slab":2,"minecraft:tripwire":3,"minecraft:blackstone":14,"minecraft:smoker":3,"minecraft:torch":3,"minecraft:blast_furnace":5,"minecraft:poppy":5,"minecraft:spruce_wall_sign":1,"minecraft:glass":1,"minecraft:cobblestone":19,"minecraft:oak_planks":6,"minecraft:sugar_cane":9,"minecraft:grindstone":2,"minecraft:iron_door":1,"minecraft:wall_torch":1,"minecraft:deepslate_copper_ore":2,"minecraft:seagrass":1,"minecraft:wheat":42,"minecraft:infested_mossy_stone_bricks":1,"minecraft:oak_log":27,"minecraft:beetroots":3,"minecraft:sand":50,"minecraft:dirt":315,"minecraft:netherrack":246,"minecraft:deepslate":28,"minecraft:oak_leaves":2,"minecraft:tuff":1,"minecraft:deepslate_diamond_ore":7,"minecraft:dark_oak_fence":6,"minecraft:nether_bricks":11,"minecraft:lever":1,"minecraft:crimson_roots":2,"minecraft:spruce_leaves":13,"minecraft:spruce_sapling":8,"minecraft:furnace":4,"minecraft:carrots":51,"minecraft:andesite":48,"minecraft:detector_rail":1,"minecraft:gold_block":16,"minecraft:bookshelf":179,"minecraft:potatoes":187,"minecraft:deepslate_iron_ore":23,"minecraft:rail":281,"minecraft:stripped_oak_log":1,"minecraft:stone":289,"minecraft:bone_block":66,"minecraft:white_wool":3,"minecraft:podzol":3,"minecraft:infested_stone_bricks":1,"minecraft:basalt":197,"minecraft:crafting_table":8,"minecraft:short_grass":374,"minecraft:spruce_button":2,"minecraft:lectern":143,"minecraft:copper_ore":6,"minecraft:tall_grass":33,"minecraft:lapis_ore":6,"minecraft:diorite":5,"minecraft:warped_wart_block":1,"minecraft:spruce_log":514,"minecraft:birch_leaves":6,"minecraft:bee_nest":1,"minecraft:yellow_bed":3,"minecraft:coal_ore":101,"minecraft:gravel":70,"minecraft:sunflower":1,"minecraft:dripstone_block":3,"minecraft:cobweb":2,"minecraft:cracked_stone_bricks":5,"minecraft:stone_bricks":9,"minecraft:mossy_stone_bricks":6}},"DataVersion":3700}